[root@ip-10-2-11-98 ~]# mysql --version
mysql  Ver 8.0.37 for Linux on x86_64 (MySQL Community Server - GPL)
[root@ip-10-2-11-98 ~]# mysql -h udacity.cfzjyybnh4vw.us-east-2.rds.amazonaws.com -P 3306 -u admin -p
Enter password:
Welcome to the MySQL monitor.  Commands end with ; or \g.
Your MySQL connection id is 104
Server version: 8.0.35 Source distribution

Copyright (c) 2000, 2024, Oracle and/or its affiliates.

Oracle is a registered trademark of Oracle Corporation and/or its
affiliates. Other names may be trademarks of their respective
owners.

Type 'help;' or '\h' for help. Type '\c' to clear the current input statement.

mysql> show databases;
+--------------------+
| Database           |
+--------------------+
| information_schema |
| mysql              |
| performance_schema |
| sys                |
| udacity            |
+--------------------+
5 rows in set (0.01 sec)

mysql> USE udacity;
Reading table information for completion of table and column names
You can turn off this feature to get a quicker startup with -A

Database changed
mysql> show tables;
+-------------------+
| Tables_in_udacity |
+-------------------+
| user              |
+-------------------+
1 row in set (0.00 sec)

mysql> INSERT INTO user (email) VALUES ('johndoe2@example.com');
ERROR 1290 (HY000): The MySQL server is running with the --read-only option so it cannot execute this statement
mysql> clear
mysql> show tables;
ERROR 2013 (HY000): Lost connection to MySQL server during query
No connection. Trying to reconnect...
Connection id:    11
Current database: udacity

+-------------------+
| Tables_in_udacity |
+-------------------+
| user              |
+-------------------+
1 row in set (0.07 sec)

mysql> select * from user
    -> ;
+----+---------------------+
| id | email               |
+----+---------------------+
|  1 | johndoe@example.com |
+----+---------------------+
1 row in set (0.00 sec)

mysql> INSERT INTO user (email) VALUES ('johndoe2@example.com');
Query OK, 1 row affected (0.00 sec)

mysql> select * from user;
+----+----------------------+
| id | email                |
+----+----------------------+
|  1 | johndoe@example.com  |
|  2 | johndoe2@example.com |
+----+----------------------+
2 rows in set (0.00 sec)

mysql>